label,diagnosis_code,diagnosis_name,support,original_f1,new_f1,delta_f1,original_recall,new_recall,delta_recall,original_precision,new_precision,delta_precision,status
label_10370003,10370003,Unknown - Verify,182,0.937,0.9307,-0.0062,0.9396,0.9231,-0.0165,0.9344,0.9385,0.0041,MAINTAINED
label_106068003,106068003,Unknown - Verify,31,0.6301,0.5714,-0.0587,0.7419,0.7742,0.0323,0.5476,0.4528,-0.0948,DEGRADED
label_111288001,111288001,Unknown - Verify,1,0.25,0.6667,0.4167,1.0,1.0,0.0,0.1429,0.5,0.3571,IMPROVED
label_11157007,11157007,Unknown - Verify,0,0.0,0.0,0.0,0.0,0.0,0.0,0.0,0.0,0.0,MAINTAINED
label_111975006,111975006,Prolonged QT Interval,68,0.28,0.2958,0.0158,0.3088,0.3088,0.0,0.2561,0.2838,0.0277,MAINTAINED
label_13640000,13640000,Unknown - Verify,19,0.0952,0.0488,-0.0465,0.1579,0.0526,-0.1053,0.0682,0.0455,-0.0227,DEGRADED
label_164865005,164865005,Unknown - Verify,18,0.3019,0.4103,0.1084,0.4444,0.4444,0.0,0.2286,0.381,0.1524,IMPROVED
label_164873001,164873001,Unknown - Verify,119,0.4163,0.3956,-0.0207,0.4286,0.3025,-0.1261,0.4048,0.5714,0.1667,DEGRADED
label_164889003,164889003,Atrial Fibrillation,273,0.3472,0.3439,-0.0034,0.9451,0.9158,-0.0293,0.2127,0.2117,-0.001,MAINTAINED
label_164890007,164890007,Atrial Flutter,1248,0.8572,0.8617,0.0045,0.9383,0.9487,0.0104,0.7891,0.7893,0.0002,MAINTAINED
label_164896001,164896001,Unknown - Verify,8,0.6364,0.7778,0.1414,0.875,0.875,0.0,0.5,0.7,0.2,IMPROVED
label_164909002,164909002,Left Bundle Branch Block,37,0.3023,0.2989,-0.0035,0.3514,0.3514,0.0,0.2653,0.26,-0.0053,MAINTAINED
label_164912004,164912004,Unknown - Verify,25,0.1644,0.2154,0.051,0.24,0.28,0.04,0.125,0.175,0.05,IMPROVED
label_164917005,164917005,Q Wave Abnormal,178,0.5598,0.5902,0.0304,0.6573,0.7079,0.0506,0.4875,0.506,0.0185,IMPROVED
label_164930006,164930006,Unknown - Verify,131,0.408,0.3882,-0.0198,0.4656,0.5038,0.0382,0.3631,0.3158,-0.0473,MAINTAINED
label_164931005,164931005,Unknown - Verify,25,0.1538,0.1154,-0.0385,0.2,0.12,-0.08,0.125,0.1111,-0.0139,DEGRADED
label_164934002,164934002,T Wave Abnormal,1053,0.6472,0.6528,0.0056,0.7464,0.7151,-0.0313,0.5712,0.6005,0.0293,MAINTAINED
label_164937009,164937009,Unknown - Verify,25,0.1346,0.0938,-0.0409,0.28,0.12,-0.16,0.0886,0.0769,-0.0117,DEGRADED
label_164942001,164942001,Unknown - Verify,0,0.0,0.0,0.0,0.0,0.0,0.0,0.0,0.0,0.0,MAINTAINED
label_164947007,164947007,Prolonged PR Interval,7,0.0,0.0,0.0,0.0,0.0,0.0,0.0,0.0,0.0,MAINTAINED
label_17338001,17338001,Ventricular Premature Beats,40,0.2514,0.2514,0.0,0.55,0.55,0.0,0.163,0.163,0.0,MAINTAINED
label_17366009,17366009,Unknown - Verify,1,0.0,0.0,0.0,0.0,0.0,0.0,0.0,0.0,0.0,MAINTAINED
label_195042002,195042002,Unknown - Verify,9,0.125,0.1,-0.025,0.1111,0.1111,0.0,0.1429,0.0909,-0.0519,DEGRADED
label_195060002,195060002,Unknown - Verify,1,0.0,0.0,0.0,0.0,0.0,0.0,0.0,0.0,0.0,MAINTAINED
label_195101003,195101003,Unknown - Verify,0,0.0,0.0,0.0,0.0,0.0,0.0,0.0,0.0,0.0,MAINTAINED
label_233892002,233892002,Unknown - Verify,4,0.1714,0.1333,-0.0381,0.75,0.75,0.0,0.0968,0.0732,-0.0236,DEGRADED
label_233897008,233897008,Unknown - Verify,4,0.1429,0.1538,0.011,0.25,0.25,0.0,0.1,0.1111,0.0111,MAINTAINED
label_233917008,233917008,Unknown - Verify,37,0.2361,0.1783,-0.0578,0.4595,0.3784,-0.0811,0.1589,0.1167,-0.0422,DEGRADED
label_251120003,251120003,Unknown - Verify,2,0.0667,0.0,-0.0667,0.5,0.0,-0.5,0.0357,0.0,-0.0357,DEGRADED
label_251146004,251146004,Unknown - Verify,146,0.3081,0.3395,0.0314,0.363,0.3767,0.0137,0.2677,0.309,0.0413,IMPROVED
label_251164006,251164006,Unknown - Verify,3,0.0,0.0,0.0,0.0,0.0,0.0,0.0,0.0,0.0,MAINTAINED
label_251166008,251166008,Unknown - Verify,2,0.0426,0.069,0.0264,0.5,0.5,0.0,0.0222,0.037,0.0148,IMPROVED
label_251170000,251170000,Unknown - Verify,9,0.0,0.0333,0.0333,0.0,0.1111,0.1111,0.0,0.0196,0.0196,IMPROVED
label_251173003,251173003,Unknown - Verify,1,0.0,0.0,0.0,0.0,0.0,0.0,0.0,0.0,0.0,MAINTAINED
label_251180001,251180001,Unknown - Verify,0,0.0,0.0,0.0,0.0,0.0,0.0,0.0,0.0,0.0,MAINTAINED
label_251187003,251187003,Unknown - Verify,1,0.0,0.0,0.0,0.0,0.0,0.0,0.0,0.0,0.0,MAINTAINED
label_251198002,251198002,Unknown - Verify,11,0.2703,0.3636,0.0934,0.4545,0.3636,-0.0909,0.1923,0.3636,0.1713,IMPROVED
label_251199005,251199005,Unknown - Verify,34,0.2556,0.1887,-0.067,0.5,0.1471,-0.3529,0.1717,0.2632,0.0914,DEGRADED
label_251205003,251205003,Unknown - Verify,17,0.1022,0.1096,0.0074,0.4118,0.4706,0.0588,0.0583,0.062,0.0037,MAINTAINED
label_251223006,251223006,Unknown - Verify,32,0.2734,0.3048,0.0314,0.5938,0.5,-0.0938,0.1776,0.2192,0.0416,IMPROVED
label_270492004,270492004,Unknown - Verify,172,0.6898,0.6944,0.0046,0.75,0.7267,-0.0233,0.6386,0.6649,0.0263,MAINTAINED
label_27885002,27885002,Unknown - Verify,13,0.2778,0.2222,-0.0556,0.3846,0.3077,-0.0769,0.2174,0.1739,-0.0435,DEGRADED
label_284470004,284470004,Premature Atrial Contraction,192,0.3226,0.3378,0.0152,0.3906,0.4583,0.0677,0.2747,0.2675,-0.0072,MAINTAINED
label_29320008,29320008,Unknown - Verify,22,0.375,0.3404,-0.0346,0.4091,0.3636,-0.0455,0.3462,0.32,-0.0262,DEGRADED
label_365413008,365413008,Unknown - Verify,103,0.3245,0.3139,-0.0106,0.5922,0.4175,-0.1748,0.2234,0.2515,0.028,MAINTAINED
label_39732003,39732003,Left Axis Deviation,252,0.6635,0.6587,-0.0048,0.8294,0.7659,-0.0635,0.5529,0.5778,0.0249,MAINTAINED
label_418818005,418818005,Unknown - Verify,0,0.0,0.0,0.0,0.0,0.0,0.0,0.0,0.0,0.0,MAINTAINED
label_425856008,425856008,Unknown - Verify,11,0.1,0.2759,0.1759,0.0909,0.7273,0.6364,0.1111,0.1702,0.0591,IMPROVED
label_426177001,426177001,Sinus Bradycardia,2443,0.9601,0.9563,-0.0038,0.9656,0.9853,0.0196,0.9547,0.929,-0.0257,MAINTAINED
label_426183003,426183003,Unknown - Verify,2,0.0299,0.0952,0.0654,0.5,0.5,0.0,0.0154,0.0526,0.0372,IMPROVED
label_426627000,426627000,Unknown - Verify,2,0.3333,0.2857,-0.0476,0.5,0.5,0.0,0.25,0.2,-0.05,DEGRADED
label_426648003,426648003,Unknown - Verify,4,0.0667,0.1111,0.0444,0.25,0.25,0.0,0.0385,0.0714,0.033,IMPROVED
label_426664006,426664006,Unknown - Verify,3,0.0,0.0,0.0,0.0,0.0,0.0,0.0,0.0,0.0,MAINTAINED
label_426761007,426761007,Supraventricular Tachycardia,108,0.7965,0.8037,0.0072,0.8333,0.8148,-0.0185,0.7627,0.7928,0.0301,MAINTAINED
label_426783006,426783006,Sinus Rhythm,1241,0.8548,0.8585,0.0037,0.892,0.8848,-0.0073,0.8206,0.8337,0.0131,MAINTAINED
label_426995002,426995002,Unknown - Verify,9,0.0909,0.0455,-0.0455,0.2222,0.1111,-0.1111,0.0571,0.0286,-0.0286,DEGRADED
label_427084000,427084000,Sinus Tachycardia,1042,0.9448,0.9442,-0.0006,0.952,0.9501,-0.0019,0.9376,0.9384,0.0008,MAINTAINED
label_427172004,427172004,Premature Ventricular Contractions,155,0.6022,0.5895,-0.0127,0.7226,0.7226,0.0,0.5161,0.4978,-0.0184,MAINTAINED
label_427393009,427393009,Sinus Arrhythmia,373,0.4024,0.4039,0.0015,0.3539,0.3298,-0.0241,0.4664,0.5212,0.0548,MAINTAINED
label_428417006,428417006,Unknown - Verify,55,0.2833,0.2778,-0.0056,0.3091,0.3636,0.0545,0.2615,0.2247,-0.0368,MAINTAINED
label_428750005,428750005,Unknown - Verify,174,0.27,0.2552,-0.0148,0.4655,0.4943,0.0287,0.1901,0.172,-0.0181,MAINTAINED
label_429622005,429622005,Unknown - Verify,269,0.5122,0.5052,-0.007,0.6654,0.632,-0.0335,0.4163,0.4208,0.0045,MAINTAINED
label_445118002,445118002,Unknown - Verify,55,0.4422,0.4805,0.0383,0.8,0.6727,-0.1273,0.3056,0.3737,0.0682,IMPROVED
label_445211001,445211001,Unknown - Verify,2,0.0,0.0,0.0,0.0,0.0,0.0,0.0,0.0,0.0,MAINTAINED
label_446358003,446358003,Unknown - Verify,7,0.4615,0.4444,-0.0171,0.4286,0.2857,-0.1429,0.5,1.0,0.5,MAINTAINED
label_446813000,446813000,Unknown - Verify,3,0.0,0.4,0.4,0.0,0.3333,0.3333,0.0,0.5,0.5,IMPROVED
label_47665007,47665007,Right Axis Deviation,129,0.5459,0.5697,0.0238,0.8527,0.7442,-0.1085,0.4015,0.4615,0.0601,IMPROVED
label_49578007,49578007,Unknown - Verify,1,0.0,0.0,0.0,0.0,0.0,0.0,0.0,0.0,0.0,MAINTAINED
label_50799005,50799005,Unknown - Verify,4,0.0,0.0,0.0,0.0,0.0,0.0,0.0,0.0,0.0,MAINTAINED
label_54016002,54016002,Unknown - Verify,5,0.0,0.0,0.0,0.0,0.0,0.0,0.0,0.0,0.0,MAINTAINED
label_54329005,54329005,Unknown - Verify,8,0.2609,0.1579,-0.103,0.375,0.375,0.0,0.2,0.1,-0.1,DEGRADED
label_55827005,55827005,Unknown - Verify,804,0.5048,0.5037,-0.0012,0.6828,0.5547,-0.1281,0.4004,0.4612,0.0608,MAINTAINED
label_55930002,55930002,Unknown - Verify,653,0.5451,0.539,-0.0061,0.657,0.6616,0.0046,0.4658,0.4547,-0.0111,MAINTAINED
label_5609005,5609005,Unknown - Verify,8,0.2857,0.2222,-0.0635,0.5,0.375,-0.125,0.2,0.1579,-0.0421,DEGRADED
label_57054005,57054005,Unknown - Verify,14,0.1818,0.3333,0.1515,0.1429,0.2857,0.1429,0.25,0.4,0.15,IMPROVED
label_59118001,59118001,Right Bundle Branch Block,90,0.5,0.4727,-0.0273,0.8,0.7222,-0.0778,0.3636,0.3514,-0.0123,DEGRADED
label_59931005,59931005,T Wave Inversion,464,0.5633,0.5513,-0.0119,0.681,0.6422,-0.0388,0.4802,0.483,0.0027,MAINTAINED
label_61277005,61277005,Unknown - Verify,3,0.0,0.0,0.0,0.0,0.0,0.0,0.0,0.0,0.0,MAINTAINED
label_61721007,61721007,Unknown - Verify,89,0.3488,0.3249,-0.024,0.5056,0.3596,-0.1461,0.2663,0.2963,0.03,DEGRADED
label_63593006,63593006,Supraventricular Premature Beats,0,0.0,0.0,0.0,0.0,0.0,0.0,0.0,0.0,0.0,MAINTAINED
label_6374002,6374002,Unknown - Verify,63,0.3955,0.4258,0.0303,0.5556,0.5238,-0.0317,0.307,0.3587,0.0517,IMPROVED
label_65778007,65778007,Unknown - Verify,1,0.0,0.0,0.0,0.0,0.0,0.0,0.0,0.0,0.0,MAINTAINED
label_67741000119109,67741000119109,Unknown - Verify,0,0.0,0.0,0.0,0.0,0.0,0.0,0.0,0.0,0.0,MAINTAINED
label_67751000119106,67751000119106,Unknown - Verify,3,0.0476,0.0,-0.0476,0.3333,0.0,-0.3333,0.0256,0.0,-0.0256,DEGRADED
label_698252002,698252002,Unknown - Verify,119,0.4019,0.3777,-0.0242,0.3613,0.5966,0.2353,0.4526,0.2763,-0.1764,DEGRADED
label_713422000,713422000,Unknown - Verify,45,0.199,0.2645,0.0655,0.4444,0.3556,-0.0889,0.1282,0.2105,0.0823,IMPROVED
label_713426002,713426002,Unknown - Verify,42,0.4037,0.3182,-0.0855,0.5238,0.6667,0.1429,0.3284,0.209,-0.1194,DEGRADED
label_713427006,713427006,Unknown - Verify,145,0.7078,0.7123,0.0046,0.9103,0.8966,-0.0138,0.5789,0.5909,0.012,MAINTAINED
label_733534002,733534002,Unknown - Verify,43,0.7021,0.7059,0.0038,0.7674,0.6977,-0.0698,0.6471,0.7143,0.0672,MAINTAINED
label_74390002,74390002,Unknown - Verify,7,0.5333,0.625,0.0917,0.5714,0.7143,0.1429,0.5,0.5556,0.0556,IMPROVED
label_75532003,75532003,Unknown - Verify,7,0.125,0.1538,0.0288,0.1429,0.1429,0.0,0.1111,0.1667,0.0556,IMPROVED
label_77867006,77867006,Unknown - Verify,2,0.0,0.0,0.0,0.0,0.0,0.0,0.0,0.0,0.0,MAINTAINED
label_81898007,81898007,Unknown - Verify,12,0.4762,0.64,0.1638,0.4167,0.6667,0.25,0.5556,0.6154,0.0598,IMPROVED
label_89792004,89792004,Unknown - Verify,20,0.5758,0.4528,-0.1229,0.95,0.6,-0.35,0.413,0.3636,-0.0494,DEGRADED
